use ProductSystem;
go

INSERT INTO Categories (CategoryName, CategoryDescription) VALUES
('Otomasyon Sistemleri (DCS)', 'Endüstriyel süreçlerin otomatik kontrolü için daðýtýk çözümler.'),
('Programlanabilir Kontrol Üniteleri (PLC)', 'Endüstriyel uygulamalarda esnek ve verimli kontrol saðlayan PLC tabanlý sistemler.'),
('Nesnelerin Ýnterneti (IoT) Baðlantý Çözümleri', 'Farklý IoT cihazlarý arasýnda güvenli ve verimli iletiþim saðlayan protokoller ve arayüzler.'),
('Süreç Görselleþtirme ve Kontrol Sistemleri (SCADA)', 'Endüstriyel süreçlerin gerçek zamanlý izlenmesi ve yönetimi için SCADA platformlarý.'),
('Ek Fonksiyon Modülleri', 'Mevcut sistemlerin kapasitesini artýrmak ve yeni özellikler eklemek için modüler çözümler.');

INSERT INTO DeviceSeries(CategoryID, SeriesName, SeriesDescription) VALUES
(1, 'DM100 Serisi', 'Uzaktan eriþim ve kontrol için ideal'),
(1, 'DM50 Serisi', 'Endüstriyel uygulamalar için uygun'),
(1, 'DM500 Serisi', 'Rack tipi uzak terminal ünitesi'),
(1, 'RTU100 Serisi', 'Genel amaçlý uzaktan terminal ünitesi'),
(1, 'RTU300 Serisi', 'Yüksek performanslý uzaktan terminal ünitesi');

INSERT INTO DeviceSeries(CategoryID, SeriesName, SeriesDescription) VALUES
(2, 'MP110 Serisi PLC', 'Mikro Düzey Kontrolör'),
(2, 'MP211 Serisi PLC', 'Kompakt Kontrolör');

INSERT INTO DeviceSeries(CategoryID, SeriesName, SeriesDescription)
VALUES
    (3, 'MBS100 Serisi', 'MODBUS Gateway'),
    (3, 'MDC100 Serisi', 'DLMS MODBUS Gateway'),
    (3, 'MMS100 Serisi', 'M-BUS MODBUS Gateway'),
    (3, 'SC100 Serisi', 'Cihaz Sunucusu');

INSERT INTO DeviceSeries(CategoryID, SeriesName, SeriesDescription)
VALUES
    (4, 'ViewPLUS', 'SCADA sistemi');

INSERT INTO DeviceSeries(CategoryID, SeriesName, SeriesDescription)
VALUES
    (5, 'XIO110 Serisi', 'Geniþleme Modülleri'),
    (5, 'XIO211 Serisi', 'Geniþleme Modülleri');


INSERT INTO Users (UserID, UserName, Email, CreatedDate, LastLogin, PasswordHash)
VALUES
    (4, 'Ali Veli', 'aliveli@example.com', '2023-01-01', '2023-12-31', 1),
    (5, 'Ayþe Demir', 'aysedemir@example.com', '2023-02-15', '2024-01-10', 2),
    (6, 'Mehmet Gül', 'mehmetgul@example.com', '2023-05-20', '2024-01-15', 3),
    (7, 'Miraç Özmen', 'mö@example.com', '2023-08-09', '2023-12-31', 4),
    (8, 'Alperen Aktaþ', 'Apo@example.com', '2023-02-15', '2024-01-10', 5),
    (9, 'Selvi Boylu', 'SBoy@example.com', '2023-08-20', '2024-08-15', 6);

INSERT INTO Devices (DeviceCode, SeriesID, DeviceName, DeviceDescription, ProductionDate, Stock)
VALUES
('DM100-E1N-GC0-B1000', 1, 'Cihaz 1', 'Açýklama A', '2025-01-01', 100),
('DM100-E1N-GC0-B100C', 1, 'Cihaz 2', 'Açýklama B', '2025-01-02', 200),
('DM100-E2N-GC3-B1000', 1, 'Cihaz 3', 'Açýklama C', '2025-01-03', 300),
('DM100-E2N-GC3-B1008', 1, 'Cihaz 4', 'Açýklama D', '2025-01-04', 400);

INSERT INTO Devices (DeviceCode, SeriesID, DeviceName, DeviceDescription, ProductionDate, Stock)
VALUES
('DM50-E2L-GE0-B6000', 2, 'Cihaz 1', 'Açýklama A', '2025-01-01', 100),
('DM50-E1L-GE0-B7008', 2, 'Cihaz 2', 'Açýklama B', '2025-01-02', 200),
('DM50-E2L-GE2-B6000', 2, 'Cihaz 3', 'Açýklama C', '2025-01-03', 300),
('DM50-E2L-GE2-B7000', 2, 'Cihaz 4', 'Açýklama D', '2025-01-04', 400);



INSERT INTO Devices (DeviceCode, SeriesID, DeviceName, DeviceDescription, ProductionDate, Stock)
VALUES
('DM500-E0-PS0-B0000', 3, 'Cihaz 1', 'Açýklama A', '2025-01-01', 100),
('DM500-E0-PS1-B0000', 3, 'Cihaz 2', 'Açýklama B', '2025-01-02', 200),
('DM500-E0N-CS0-B0000', 3, 'Cihaz 3', 'Açýklama C', '2025-01-03', 300),
('DM500-E0-CM0-B0000', 3, 'Cihaz 4', 'Açýklama D', '2025-01-04', 400);


INSERT INTO Devices (DeviceCode, SeriesID, DeviceName, DeviceDescription, ProductionDate, Stock)
VALUES
('RTU101-E1L-GB0-B6000', 4, 'Cihaz 1', 'Açýklama A', '2025-01-01', 100),
('RTU101-E1N-GB0-B6000', 4, 'Cihaz 2', 'Açýklama B', '2025-01-02', 200),
('RTU110-E1N-GB0-B6000', 4, 'Cihaz 3', 'Açýklama C', '2025-01-03', 300);

INSERT INTO Devices (DeviceCode, SeriesID, DeviceName, DeviceDescription, ProductionDate, Stock)
VALUES
('RTU301-E1L-GA1-B6001', 5, 'Cihaz 1', 'Açýklama A', '2025-01-01', 100),
('RTU301-E1L-GA1-B7001', 5, 'Cihaz 2', 'Açýklama B', '2025-01-02', 200),
('RTU301-E1L-GA2-B6001', 5, 'Cihaz 3', 'Açýklama C', '2025-01-03', 300),
('RTU301-E1L-GA2-B7001', 5, 'Cihaz 4', 'Açýklama D', '2025-01-04', 400);


INSERT INTO Devices (DeviceCode, SeriesID, DeviceName, DeviceDescription, ProductionDate, Stock)
VALUES
('MP110-E1G-GB0-B6000', 6, 'Cihaz 1', 'Açýklama A', '2025-01-01', 100),
('MP110-E1G-GB1-B6000', 6, 'Cihaz 2', 'Açýklama B', '2025-01-02', 200),
('MP110-E1N-GB0-B6000', 6, 'Cihaz 3', 'Açýklama C', '2025-01-03', 300),
('MP110-E1N-GB1-B6000', 6, 'Cihaz 4', 'Açýklama D', '2025-01-04', 400);

INSERT INTO Devices (DeviceCode, SeriesID, DeviceName, DeviceDescription, ProductionDate, Stock)
VALUES
('MP211-E1G-GA0-B6001', 7, 'Cihaz 1', 'Açýklama A', '2025-01-01', 100),
('MP211-E1G-GA0-B7001', 7, 'Cihaz 2', 'Açýklama B', '2025-01-02', 200),
('MP211-E1G-GA1-B6001', 7, 'Cihaz 3', 'Açýklama C', '2025-01-03', 300),
('MP211-E1G-GA1-B7001', 7, 'Cihaz 4', 'Açýklama D', '2025-01-04', 400);

INSERT INTO Devices (DeviceCode, SeriesID, DeviceName, DeviceDescription, ProductionDate, Stock)
VALUES
('MBS100-E0G-GC2-B0000', 8, 'Cihaz 1', 'Açýklama A', '2025-01-01', 100),
('MBS100-E0G-GC3-B0000', 8, 'Cihaz 2', 'Açýklama B', '2025-01-02', 200),
('MBS100-E0L-GC2-B0000', 8, 'Cihaz 3', 'Açýklama C', '2025-01-03', 300),
('MBS100-E0L-GC3-B0000', 8, 'Cihaz 4', 'Açýklama D', '2025-01-04', 400);

INSERT INTO Devices (DeviceCode, SeriesID, DeviceName, DeviceDescription, ProductionDate, Stock)
VALUES
('MDC100-E0G-GC2-B0002', 9, 'Cihaz 1', 'Açýklama A', '2025-01-01', 100),
('MDC100-E0G-GC2-B0008', 9, 'Cihaz 2', 'Açýklama B', '2025-01-02', 200),
('MDC100-E0G-GC2-B0016', 9, 'Cihaz 3', 'Açýklama C', '2025-01-03', 300),
('MDC100-E0G-GC2-B0032', 9, 'Cihaz 4', 'Açýklama D', '2025-01-04', 400);

INSERT INTO Devices (DeviceCode, SeriesID, DeviceName, DeviceDescription, ProductionDate, Stock)
VALUES
('MMS100-E0G-GC1-B0002', 10, 'Cihaz 1', 'Açýklama A', '2025-01-01', 100),
('MMS100-E0G-GC1-B0008', 10, 'Cihaz 2', 'Açýklama B', '2025-01-02', 200),
('MMS100-E0G-GC1-B0016', 10, 'Cihaz 3', 'Açýklama C', '2025-01-03', 300),
('MMS100-E0G-GC1-B0032', 10, 'Cihaz 4', 'Açýklama D', '2025-01-04', 400);

INSERT INTO Devices (DeviceCode, SeriesID, DeviceName, DeviceDescription, ProductionDate, Stock)
VALUES
('SC100-E0G-GC2-B0000', 11, 'Cihaz 1', 'Açýklama A', '2025-01-01', 100),
('SC100-E0L-GC2-B0000', 11, 'Cihaz 2', 'Açýklama B', '2025-01-02', 200),
('SC100-E0N-GC2-B0000', 11, 'Cihaz 3', 'Açýklama C', '2025-01-03', 300),
('SC100-E0R-GC2-B0000', 11, 'Cihaz 4', 'Açýklama D', '2025-01-04', 400);

INSERT INTO Devices (DeviceCode, SeriesID, DeviceName, DeviceDescription, ProductionDate, Stock)
VALUES
('viewplus-scada', 12, 'Cihaz 1', 'Açýklama A', '2025-01-01', 100);


INSERT INTO Devices (DeviceCode, SeriesID, DeviceName, DeviceDescription, ProductionDate, Stock)
VALUES
('XIO110-E0N-GDA-B0000', 13, 'Cihaz 1', 'Açýklama A', '2025-01-01', 100),
('XIO110-E0N-GDA-B2000', 13, 'Cihaz 2', 'Açýklama B', '2025-01-02', 200),
('XIO110-E0N-GDA-B4000', 13, 'Cihaz 3', 'Açýklama C', '2025-01-03', 300),
('XIO110-E0N-GDA-B0800', 13, 'Cihaz 4', 'Açýklama D', '2025-01-04', 400);


INSERT INTO Devices (DeviceCode, SeriesID, DeviceName, DeviceDescription, ProductionDate, Stock)
VALUES
('XIO211-E0N-GD0-B0401', 14, 'Cihaz 1', 'Açýklama A', '2025-01-01', 100),
('XIO211-E0N-GD01-B2000', 14, 'Cihaz 2', 'Açýklama B', '2025-01-02', 200),
('XIO211-E0N-GD2-B4000', 14, 'Cihaz 3', 'Açýklama C', '2025-01-03', 300),
('XIO211-E0N-GD3-B0800', 14, 'Cihaz 4', 'Açýklama D', '2025-01-04', 400);

INSERT INTO Orders (OrderID, UserID, TotalAmount, OrderStatus, CreatedDate)
VALUES
    (1, 4, 100, 'Tamamlandý', '2024-01-05'),
    (2, 5, 150, 'Bekliyor', '2024-01-10'),
    (3, 4, 1500, 'Tamamlandý', '2024-05-08'),
    (4, 5, 2600, 'Tamamlandý', '2024-06-10');


INSERT INTO OrderDetails (OrderDetailID,OrderID, DeviceCode, Quantity)
VALUES
(1,1, 'XIO110-E0N-GDA-B0000', 5),
(2,2, 'XIO110-E0N-GDA-B0000', 3),
(3,3, 'XIO110-E0N-GDA-B0000', 2);


INSERT INTO CustomerSupport (UserID, SupportDescription, SupportDate, CreatedDate)
VALUES
(4, 'Sistem giriþi ile ilgili sorun.', '2025-01-02', '2025-01-02'),
(5, 'Fatura hatasý bildirimi.', '2025-01-03', '2025-01-03'),
(6, 'Sipariþ teslim süresi sorusu.', '2025-01-04', '2025-01-04');


INSERT INTO CustomerSupportTechnician (TechnicianID, TechnicianName, Email, SupportID, Position, ExperienceYears, WorkingHours, Salary, SupportDescription, CreatedDate)
VALUES
(1, 'Ali Demir', 'ali.demir@ornek.com', 2, 'Teknik Destek Uzmaný', 5, null, 12000, 'Sisteme giriþ problemini çözdü.', '2025-01-02'),
(2, 'Zeynep Kara', 'zeynep.kara@ornek.com', 3, 'Fatura Uzmaný', 8, null, 14000, 'Fatura sorununu çözdü.', '2025-01-03'),
(3, 'Hasan Çelik', 'hasan.celik@ornek.com', 4,'Müþteri Temsilcisi', 3, null, 10000, 'Teslimat süresi hakkýnda bilgi verdi.', '2025-01-04');




INSERT INTO RealTimeClock (RealTimeClock, NTPClientSupport, ModbusTimeSync, BatteryStatusFunctionality, RTCBatteryType, TimeRetentionPeriod, TimeDrift, DeviceCode)
VALUES
('Yes', 'Yes', 'Yes', 'Yes', 'Lithium-Ion', '5 Years', '±2s/Month', 'DM100-E1N-GC0-B1000'),
('Yes', 'Yes', 'Yes', 'Yes', 'Lithium-Ion', '5 Years', '±2s/Month', 'DM100-E1N-GC0-B100C'),
('Yes', 'Yes', 'Yes', 'Yes', 'Lithium-Ion', '5 Years', '±2s/Month', 'DM100-E2N-GC3-B1000'),
('Yes', 'Yes', 'Yes', 'Yes', 'Lithium-Ion', '5 Years', '±2s/Month', 'DM100-E2N-GC3-B1008'),
('Yes', 'No', 'No', 'No', 'None', 'N/A', 'N/A', 'DM500-E0-CM0-B0000'),
('Yes', 'No', 'No', 'No', 'None', 'N/A', 'N/A', 'DM500-E0N-CS0-B0000'),
('Yes', 'No', 'No', 'No', 'None', 'N/A', 'N/A', 'DM500-E0-PS0-B0000'),
('Yes', 'No', 'No', 'No', 'None', 'N/A', 'N/A', 'DM500-E0-PS1-B0000'),
('Yes', 'Yes', 'Yes', 'Yes', 'Lithium-Ion', '3 Years', '±5s/Month', 'DM50-E1L-GE0-B7008'),
('Yes', 'Yes', 'Yes', 'Yes', 'Lithium-Ion', '3 Years', '±5s/Month', 'DM50-E2L-GE0-B6000'),
('Yes', 'Yes', 'Yes', 'Yes', 'Lithium-Ion', '3 Years', '±5s/Month', 'DM50-E2L-GE2-B6000'),
('Yes', 'Yes', 'Yes', 'Yes', 'Lithium-Ion', '3 Years', '±5s/Month', 'DM50-E2L-GE2-B7000'),
('Yes', 'No', 'Yes', 'Yes', 'Lithium-Ion', '2 Years', '±10s/Month', 'MBS100-E0G-GC2-B0000'),
('Yes', 'No', 'Yes', 'Yes', 'Lithium-Ion', '2 Years', '±10s/Month', 'MBS100-E0G-GC3-B0000'),
('Yes', 'No', 'Yes', 'Yes', 'Lithium-Ion', '2 Years', '±10s/Month', 'MBS100-E0L-GC2-B0000'),
('Yes', 'No', 'Yes', 'Yes', 'Lithium-Ion', '2 Years', '±10s/Month', 'MBS100-E0L-GC3-B0000'),
('Yes', 'No', 'No', 'Yes', 'None', 'N/A', 'N/A', 'MDC100-E0G-GC2-B0002'),
('Yes', 'No', 'No', 'Yes', 'None', 'N/A', 'N/A', 'MDC100-E0G-GC2-B0008'),
('Yes', 'No', 'No', 'Yes', 'None', 'N/A', 'N/A', 'MDC100-E0G-GC2-B0016'),
('Yes', 'No', 'No', 'Yes', 'None', 'N/A', 'N/A', 'MDC100-E0G-GC2-B0032'),
('Yes', 'No', 'No', 'No', 'None', 'N/A', 'N/A', 'MMS100-E0G-GC1-B0002'),
('Yes', 'No', 'No', 'No', 'None', 'N/A', 'N/A', 'MMS100-E0G-GC1-B0008'),
('Yes', 'No', 'No', 'No', 'None', 'N/A', 'N/A', 'MMS100-E0G-GC1-B0016'),
('Yes', 'No', 'No', 'No', 'None', 'N/A', 'N/A', 'MMS100-E0G-GC1-B0032'),
('Yes', 'Yes', 'Yes', 'Yes', 'Lithium-Ion', '5 Years', '±2s/Month', 'MP110-E1G-GB0-B6000'),
('Yes', 'Yes', 'Yes', 'Yes', 'Lithium-Ion', '5 Years', '±2s/Month', 'MP110-E1G-GB1-B6000'),
('Yes', 'Yes', 'Yes', 'Yes', 'Lithium-Ion', '5 Years', '±2s/Month', 'MP110-E1N-GB0-B6000'),
('Yes', 'Yes', 'Yes', 'Yes', 'Lithium-Ion', '5 Years', '±2s/Month', 'MP110-E1N-GB1-B6000'),
('Yes', 'Yes', 'Yes', 'Yes', 'Lithium-Ion', '3 Years', '±5s/Month', 'MP211-E1G-GA0-B6001'),
('Yes', 'Yes', 'Yes', 'Yes', 'Lithium-Ion', '3 Years', '±5s/Month', 'MP211-E1G-GA0-B7001'),
('Yes', 'Yes', 'Yes', 'Yes', 'Lithium-Ion', '3 Years', '±5s/Month', 'MP211-E1G-GA1-B6001'),
('Yes', 'Yes', 'Yes', 'Yes', 'Lithium-Ion', '3 Years', '±5s/Month', 'MP211-E1G-GA1-B7001'),
('Yes', 'Yes', 'Yes', 'Yes', 'Lithium-Ion', '2 Years', '±10s/Month', 'RTU101-E1L-GB0-B6000'),
('Yes', 'Yes', 'Yes', 'Yes', 'Lithium-Ion', '2 Years', '±10s/Month', 'RTU101-E1N-GB0-B6000'),
('Yes', 'Yes', 'Yes', 'Yes', 'Lithium-Ion', '2 Years', '±10s/Month', 'RTU110-E1N-GB0-B6000'),
('Yes', 'Yes', 'Yes', 'Yes', 'Lithium-Ion', '1 Year', '±15s/Month', 'RTU301-E1L-GA1-B6001'),
('Yes', 'Yes', 'Yes', 'Yes', 'Lithium-Ion', '1 Year', '±15s/Month', 'RTU301-E1L-GA1-B7001'),
('Yes', 'Yes', 'Yes', 'Yes', 'Lithium-Ion', '1 Year', '±15s/Month', 'RTU301-E1L-GA2-B6001'),
('Yes', 'Yes', 'Yes', 'Yes', 'Lithium-Ion', '1 Year', '±15s/Month', 'RTU301-E1L-GA2-B7001'),
('Yes', 'No', 'No', 'No', 'None', 'N/A', 'N/A', 'SC100-E0G-GC2-B0000'),
('Yes', 'No', 'No', 'No', 'None', 'N/A', 'N/A', 'SC100-E0L-GC2-B0000'),
('Yes', 'No', 'No', 'No', 'None', 'N/A', 'N/A', 'SC100-E0N-GC2-B0000'),
('Yes', 'No', 'No', 'No', 'None', 'N/A', 'N/A', 'SC100-E0R-GC2-B0000'),
('No', 'No', 'No', 'No', 'None', 'N/A', 'N/A', 'viewplus-scada'),
('Yes', 'Yes', 'Yes', 'Yes', 'Lithium-Ion', '5 Years', '±2s/Month', 'XIO110-E0N-GDA-B0000'),
('Yes', 'Yes', 'Yes', 'Yes', 'Lithium-Ion', '5 Years', '±2s/Month', 'XIO110-E0N-GDA-B0800'),
('Yes', 'Yes', 'Yes', 'Yes', 'Lithium-Ion', '5 Years', '±2s/Month', 'XIO110-E0N-GDA-B2000'),
('Yes', 'Yes', 'Yes', 'Yes', 'Lithium-Ion', '5 Years', '±2s/Month', 'XIO110-E0N-GDA-B4000'),
('Yes', 'Yes', 'Yes', 'Yes', 'Lithium-Ion', '5 Years', '±2s/Month', 'XIO211-E0N-GD01-B2000'),
('Yes', 'Yes', 'Yes', 'Yes', 'Lithium-Ion', '5 Years', '±2s/Month', 'XIO211-E0N-GD0-B0401'),
('Yes', 'Yes', 'Yes', 'Yes', 'Lithium-Ion', '5 Years', '±2s/Month', 'XIO211-E0N-GD2-B4000'),
('Yes', 'Yes', 'Yes', 'Yes', 'Lithium-Ion', '5 Years', '±2s/Month', 'XIO211-E0N-GD3-B0800');


INSERT INTO ElectricalWiring (DeviceCode, IOConnections, PowerSupplyConnections) VALUES
('DM100-E1N-GC0-B1000', 'Seri Port, Sökülebilir Vidalý Klemens (3.81 mm aralýklý)', 'Güç Besleme Giriþi, Sökülebilir Vidalý Klemens (3.81 mm aralýklý)'),
('DM100-E1N-GC0-B100C', 'Dijital Giriþ, Dijital Çýkýþ, Sökülebilir Vidalý Klemens', '12V DC, Sökülebilir Vidalý Klemens (3.81 mm aralýklý)'),
('DM100-E2N-GC3-B1000', 'Analog Giriþ, Analog Çýkýþ, Dijital Çýkýþ', '24V DC, Güç Besleme Giriþi, Sökülebilir Vidalý Klemens'),
('DM100-E2N-GC3-B1008', 'Dijital Giriþ, Analog Çýkýþ', '220V AC, Sökülebilir Vidalý Klemens (3.81 mm aralýklý)'),
('DM500-E0-CM0-B0000', 'Seri Port, Dijital Giriþ, Dijital Çýkýþ', '48V DC, Sökülebilir Vidalý Klemens (3.81 mm aralýklý)'),
('DM500-E0N-CS0-B0000', 'Dijital Giriþ, Analog Giriþ', '24V AC, Güç Besleme Giriþi'),
('DM500-E0-PS0-B0000', 'Analog Giriþ, Dijital Çýkýþ', '12V DC, Güç Besleme Giriþi'),
('DM500-E0-PS1-B0000', 'Dijital Giriþ, Dijital Çýkýþ', '24V DC, Sökülebilir Vidalý Klemens'),
('DM50-E1L-GE0-B7008', 'Seri Port, Dijital Çýkýþ', '12V DC, Güç Besleme Giriþi, Sökülebilir Vidalý Klemens (3.81 mm aralýklý)'),
('DM50-E2L-GE0-B6000', 'Analog Giriþ, Dijital Giriþ', '5V DC, Sökülebilir Vidalý Klemens'),
('DM50-E2L-GE2-B6000', 'Dijital Çýkýþ, Dijital Giriþ', '24V AC, Güç Besleme Giriþi'),
('DM50-E2L-GE2-B7000', 'Seri Port, Analog Çýkýþ', '12V DC, Sökülebilir Vidalý Klemens (3.81 mm aralýklý)'),
('MBS100-E0G-GC2-B0000', 'Dijital Giriþ, Dijital Çýkýþ', '24V DC, Sökülebilir Vidalý Klemens'),
('MBS100-E0G-GC3-B0000', 'Analog Giriþ, Dijital Giriþ', '220V AC, Güç Besleme Giriþi'),
('MBS100-E0L-GC2-B0000', 'Seri Port, Dijital Çýkýþ', '24V AC, Sökülebilir Vidalý Klemens (3.81 mm aralýklý)'),
('MBS100-E0L-GC3-B0000', 'Analog Giriþ, Dijital Çýkýþ', '12V DC, Güç Besleme Giriþi'),
('MDC100-E0G-GC2-B0002', 'Dijital Giriþ, Seri Port', '24V DC, Güç Besleme Giriþi'),
('MDC100-E0G-GC2-B0008', 'Analog Çýkýþ, Dijital Giriþ', '48V DC, Sökülebilir Vidalý Klemens'),
('MDC100-E0G-GC2-B0016', 'Seri Port, Dijital Giriþ', '12V DC, Güç Besleme Giriþi'),
('MDC100-E0G-GC2-B0032', 'Dijital Giriþ, Dijital Çýkýþ', '24V AC, Sökülebilir Vidalý Klemens'),
('MMS100-E0G-GC1-B0002', 'Dijital Çýkýþ, Seri Port', '12V DC, Güç Besleme Giriþi'),
('MMS100-E0G-GC1-B0008', 'Dijital Giriþ, Dijital Çýkýþ', '220V AC, Güç Besleme Giriþi'),
('MMS100-E0G-GC1-B0016', 'Analog Çýkýþ, Dijital Çýkýþ', '24V DC, Güç Besleme Giriþi'),
('MMS100-E0G-GC1-B0032', 'Seri Port, Dijital Giriþ', '48V DC, Sökülebilir Vidalý Klemens'),
('MP110-E1G-GB0-B6000', 'Analog Giriþ, Dijital Çýkýþ', '12V DC, Sökülebilir Vidalý Klemens'),
('MP110-E1G-GB1-B6000', 'Seri Port, Dijital Giriþ', '24V DC, Güç Besleme Giriþi'),
('MP110-E1N-GB0-B6000', 'Dijital Giriþ, Dijital Çýkýþ', '24V AC, Güç Besleme Giriþi'),
('MP110-E1N-GB1-B6000', 'Dijital Giriþ, Dijital Çýkýþ', '12V DC, Sökülebilir Vidalý Klemens'),
('MP211-E1G-GA0-B6001', 'Analog Giriþ, Dijital Giriþ', '220V AC, Güç Besleme Giriþi'),
('MP211-E1G-GA0-B7001', 'Dijital Giriþ, Dijital Çýkýþ', '12V DC, Sökülebilir Vidalý Klemens'),
('MP211-E1G-GA1-B6001', 'Seri Port, Dijital Giriþ', '24V DC, Güç Besleme Giriþi'),
('MP211-E1G-GA1-B7001', 'Analog Çýkýþ, Dijital Çýkýþ', '48V DC, Güç Besleme Giriþi'),
('RTU101-E1L-GB0-B6000', 'Seri Port, Dijital Giriþ', '12V DC, Güç Besleme Giriþi'),
('RTU101-E1N-GB0-B6000', 'Analog Çýkýþ, Dijital Giriþ', '24V DC, Sökülebilir Vidalý Klemens'),
('RTU110-E1N-GB0-B6000', 'Dijital Giriþ, Dijital Çýkýþ', '220V AC, Güç Besleme Giriþi'),
('RTU301-E1L-GA1-B6001', 'Dijital Giriþ, Dijital Çýkýþ', '24V DC, Güç Besleme Giriþi'),
('RTU301-E1L-GA1-B7001', 'Seri Port, Dijital Giriþ', '12V DC, Sökülebilir Vidalý Klemens'),
('RTU301-E1L-GA2-B6001', 'Analog Çýkýþ, Dijital Çýkýþ', '48V DC, Güç Besleme Giriþi'),
('RTU301-E1L-GA2-B7001', 'Seri Port, Dijital Giriþ', '220V AC, Sökülebilir Vidalý Klemens'),
('SC100-E0G-GC2-B0000', 'Dijital Çýkýþ, Seri Port', '24V DC, Güç Besleme Giriþi'),
('SC100-E0L-GC2-B0000', 'Dijital Giriþ, Analog Giriþ', '12V DC, Güç Besleme Giriþi'),
('SC100-E0N-GC2-B0000', 'Seri Port, Dijital Giriþ', '48V DC, Sökülebilir Vidalý Klemens'),
('SC100-E0R-GC2-B0000', 'Analog Giriþ, Dijital Çýkýþ', '24V AC, Sökülebilir Vidalý Klemens'),
('viewplus-scada', 'Seri Port, Dijital Giriþ', '12V DC, Güç Besleme Giriþi'),
('XIO110-E0N-GDA-B0000', 'Dijital Giriþ, Dijital Çýkýþ', '24V DC, Sökülebilir Vidalý Klemens'),
('XIO110-E0N-GDA-B0800', 'Analog Çýkýþ, Dijital Çýkýþ', '48V DC, Güç Besleme Giriþi'),
('XIO110-E0N-GDA-B2000', 'Seri Port, Dijital Giriþ', '12V DC, Güç Besleme Giriþi'),
('XIO110-E0N-GDA-B4000', 'Analog Giriþ, Dijital Çýkýþ', '220V AC, Sökülebilir Vidalý Klemens'),
('XIO211-E0N-GD01-B2000', 'Dijital Giriþ, Seri Port', '24V DC, Güç Besleme Giriþi'),
('XIO211-E0N-GD0-B0401', 'Seri Port, Dijital Çýkýþ', '12V DC, Sökülebilir Vidalý Klemens'),
('XIO211-E0N-GD2-B4000', 'Dijital Giriþ, Dijital Çýkýþ', '48V DC, Sökülebilir Vidalý Klemens'),
('XIO211-E0N-GD3-B0800', 'Analog Giriþ, Dijital Çýkýþ', '24V AC, Güç Besleme Giriþi');


INSERT INTO CommunicationPorts (DeviceCode, EthernetPorts, IntegratedGSM) VALUES
('DM100-E1N-GC0-B1000', '1 x Ethernet Port (10/100 Mbps)', 'Yok'),
('DM100-E1N-GC0-B100C', '2 x Ethernet Port (10/100 Mbps)', 'Yok'),
('DM100-E2N-GC3-B1000', '2 x Ethernet Port (10/100 Mbps)', 'Yok'),
('DM100-E2N-GC3-B1008', '1 x Ethernet Port (10/100 Mbps)', 'Yok'),
('DM500-E0-CM0-B0000', '1 x Ethernet Port (10/100 Mbps)', 'Yok'),
('DM500-E0N-CS0-B0000', '1 x Ethernet Port (10/100 Mbps)', 'Yok'),
('DM500-E0-PS0-B0000', '2 x Ethernet Port (10/100 Mbps)', 'Yok'),
('DM500-E0-PS1-B0000', '1 x Ethernet Port (10/100 Mbps)', 'Yok'),
('DM50-E1L-GE0-B7008', '1 x Ethernet Port (10/100 Mbps)', 'Yok'),
('DM50-E2L-GE0-B6000', '1 x Ethernet Port (10/100 Mbps)', 'Yok'),
('DM50-E2L-GE2-B6000', '2 x Ethernet Port (10/100 Mbps)', 'Yok'),
('DM50-E2L-GE2-B7000', '2 x Ethernet Port (10/100 Mbps)', 'Yok'),
('MBS100-E0G-GC2-B0000', '1 x Ethernet Port (10/100 Mbps)', 'Yok'),
('MBS100-E0G-GC3-B0000', '1 x Ethernet Port (10/100 Mbps)', 'Yok'),
('MBS100-E0L-GC2-B0000', '1 x Ethernet Port (10/100 Mbps)', 'Yok'),
('MBS100-E0L-GC3-B0000', '2 x Ethernet Port (10/100 Mbps)', 'Yok'),
('MDC100-E0G-GC2-B0002', '1 x Ethernet Port (10/100 Mbps)', 'Yok'),
('MDC100-E0G-GC2-B0008', '1 x Ethernet Port (10/100 Mbps)', 'Yok'),
('MDC100-E0G-GC2-B0016', '1 x Ethernet Port (10/100 Mbps)', 'Yok'),
('MDC100-E0G-GC2-B0032', '1 x Ethernet Port (10/100 Mbps)', 'Yok'),
('MMS100-E0G-GC1-B0002', '1 x Ethernet Port (10/100 Mbps)', 'Yok'),
('MMS100-E0G-GC1-B0008', '1 x Ethernet Port (10/100 Mbps)', 'Yok'),
('MMS100-E0G-GC1-B0016', '1 x Ethernet Port (10/100 Mbps)', 'Yok'),
('MMS100-E0G-GC1-B0032', '1 x Ethernet Port (10/100 Mbps)', 'Yok'),
('MP110-E1G-GB0-B6000', '1 x Ethernet Port (10/100 Mbps)', 'Yok'),
('MP110-E1G-GB1-B6000', '1 x Ethernet Port (10/100 Mbps)', 'Yok'),
('MP110-E1N-GB0-B6000', '1 x Ethernet Port (10/100 Mbps)', 'Yok'),
('MP110-E1N-GB1-B6000', '1 x Ethernet Port (10/100 Mbps)', 'Yok'),
('MP211-E1G-GA0-B6001', '2 x Ethernet Port (10/100 Mbps)', 'Yok'),
('MP211-E1G-GA0-B7001', '2 x Ethernet Port (10/100 Mbps)', 'Yok'),
('MP211-E1G-GA1-B6001', '2 x Ethernet Port (10/100 Mbps)', 'Yok'),
('MP211-E1G-GA1-B7001', '2 x Ethernet Port (10/100 Mbps)', 'Yok'),
('RTU101-E1L-GB0-B6000', '1 x Ethernet Port (10/100 Mbps)', 'Yok'),
('RTU101-E1N-GB0-B6000', '1 x Ethernet Port (10/100 Mbps)', 'Yok'),
('RTU110-E1N-GB0-B6000', '1 x Ethernet Port (10/100 Mbps)', 'Yok'),
('RTU301-E1L-GA1-B6001', '2 x Ethernet Port (10/100 Mbps)', 'Yok'),
('RTU301-E1L-GA1-B7001', '2 x Ethernet Port (10/100 Mbps)', 'Yok'),
('RTU301-E1L-GA2-B6001', '2 x Ethernet Port (10/100 Mbps)', 'Yok'),
('RTU301-E1L-GA2-B7001', '2 x Ethernet Port (10/100 Mbps)', 'Yok'),
('SC100-E0G-GC2-B0000', '1 x Ethernet Port (10/100 Mbps)', 'Yok'),
('SC100-E0L-GC2-B0000', '1 x Ethernet Port (10/100 Mbps)', 'Yok'),
('SC100-E0N-GC2-B0000', '1 x Ethernet Port (10/100 Mbps)', 'Yok'),
('SC100-E0R-GC2-B0000', '1 x Ethernet Port (10/100 Mbps)', 'Yok'),
('viewplus-scada', '1 x Ethernet Port (10/100 Mbps)', 'Yok'),
('XIO110-E0N-GDA-B0000', '1 x Ethernet Port (10/100 Mbps)', 'Yok'),
('XIO110-E0N-GDA-B0800', '2 x Ethernet Port (10/100 Mbps)', 'Yok'),
('XIO110-E0N-GDA-B2000', '2 x Ethernet Port (10/100 Mbps)', 'Yok'),
('XIO110-E0N-GDA-B4000', '2 x Ethernet Port (10/100 Mbps)', 'Yok'),
('XIO211-E0N-GD01-B2000', '1 x Ethernet Port (10/100 Mbps)', 'Yok'),
('XIO211-E0N-GD0-B0401', '2 x Ethernet Port (10/100 Mbps)', 'Yok'),
('XIO211-E0N-GD2-B4000', '2 x Ethernet Port (10/100 Mbps)', 'Yok'),
('XIO211-E0N-GD3-B0800', '2 x Ethernet Port (10/100 Mbps)', 'Yok');


INSERT INTO Solutions (SolutionID, AutomationName, DeviceCode, CreatedDate)
VALUES
(1, 'DM100 E1N GC0 B1000 Otomasyonu', 'DM100-E1N-GC0-B1000', '2025-01-01'),
(2, 'DM100 E1N GC0 B100C Otomasyonu', 'DM100-E1N-GC0-B100C', '2025-01-01'),
(3, 'DM100 E2N GC3 B1000 Otomasyonu', 'DM100-E2N-GC3-B1000', '2025-01-01'),
(4, 'DM100 E2N GC3 B1008 Otomasyonu', 'DM100-E2N-GC3-B1008', '2025-01-02'),
(5, 'DM500 E0 CM0 B0000 Otomasyonu', 'DM500-E0-CM0-B0000', '2025-01-02'),
(6, 'DM500 E0N CS0 B0000 Otomasyonu', 'DM500-E0N-CS0-B0000', '2025-01-03'),
(7, 'DM500 E0 PS0 B0000 Otomasyonu', 'DM500-E0-PS0-B0000', '2025-01-03'),
(8, 'DM500 E0 PS1 B0000 Otomasyonu', 'DM500-E0-PS1-B0000', '2025-01-03'),
(9, 'DM50 E1L GE0 B7008 Otomasyonu', 'DM50-E1L-GE0-B7008', '2025-01-04'),
(10, 'DM50 E2L GE0 B6000 Otomasyonu', 'DM50-E2L-GE0-B6000', '2025-01-04'),
(11, 'DM50 E2L GE2 B6000 Otomasyonu', 'DM50-E2L-GE2-B6000', '2025-01-04'),
(12, 'DM50 E2L GE2 B7000 Otomasyonu', 'DM50-E2L-GE2-B7000', '2025-01-04'),
(13, 'MBS100 E0G GC2 B0000 Otomasyonu', 'MBS100-E0G-GC2-B0000', '2025-01-05'),
(14, 'MBS100 E0G GC3 B0000 Otomasyonu', 'MBS100-E0G-GC3-B0000', '2025-01-06'),
(15, 'MBS100 E0L GC2 B0000 Otomasyonu', 'MBS100-E0L-GC2-B0000', '2025-01-06'),
(16, 'MBS100 E0L GC3 B0000 Otomasyonu', 'MBS100-E0L-GC3-B0000', '2025-01-06'),
(17, 'MDC100 E0G GC2 B0002 Otomasyonu', 'MDC100-E0G-GC2-B0002', '2025-01-07'),
(18, 'MDC100 E0G GC2 B0008 Otomasyonu', 'MDC100-E0G-GC2-B0008', '2025-01-08'),
(19, 'MDC100 E0G GC2 B0016 Otomasyonu', 'MDC100-E0G-GC2-B0016', '2025-01-09'),
(20, 'MDC100 E0G GC2 B0032 Otomasyonu', 'MDC100-E0G-GC2-B0032', '2025-01-10'),
(21, 'MMS100 E0G GC1 B0002 Otomasyonu', 'MMS100-E0G-GC1-B0002', '2025-01-11'),
(22, 'MMS100 E0G GC1 B0008 Otomasyonu', 'MMS100-E0G-GC1-B0008', '2025-01-12'),
(23, 'MMS100 E0G GC1 B0016 Otomasyonu', 'MMS100-E0G-GC1-B0016', '2025-01-13'),
(24, 'MMS100 E0G GC1 B0032 Otomasyonu', 'MMS100-E0G-GC1-B0032', '2025-01-14'),
(25, 'MP110 E1G GB0 B6000 Otomasyonu', 'MP110-E1G-GB0-B6000', '2025-01-15'),
(26, 'MP110 E1G GB1 B6000 Otomasyonu', 'MP110-E1G-GB1-B6000', '2025-01-16'),
(27, 'MP110 E1N GB0 B6000 Otomasyonu', 'MP110-E1N-GB0-B6000', '2025-01-17'),
(28, 'MP110 E1N GB1 B6000 Otomasyonu', 'MP110-E1N-GB1-B6000', '2025-01-18'),
(29, 'MP211 E1G GA0 B6001 Otomasyonu', 'MP211-E1G-GA0-B6001', '2025-01-19'),
(30, 'MP211 E1G GA0 B7001 Otomasyonu', 'MP211-E1G-GA0-B7001', '2025-01-20'),
(31, 'MP211 E1G GA1 B6001 Otomasyonu', 'MP211-E1G-GA1-B6001', '2025-01-21'),
(32, 'MP211 E1G GA1 B7001 Otomasyonu', 'MP211-E1G-GA1-B7001', '2025-01-22'),
(33, 'RTU101 E1L GB0 B6000 Otomasyonu', 'RTU101-E1L-GB0-B6000', '2025-01-23'),
(34, 'RTU101 E1N GB0 B6000 Otomasyonu', 'RTU101-E1N-GB0-B6000', '2025-01-24'),
(35, 'RTU110 E1N GB0 B6000 Otomasyonu', 'RTU110-E1N-GB0-B6000', '2025-01-25'),
(36, 'RTU301 E1L GA1 B6001 Otomasyonu', 'RTU301-E1L-GA1-B6001', '2025-01-26'),
(37, 'RTU301 E1L GA1 B7001 Otomasyonu', 'RTU301-E1L-GA1-B7001', '2025-01-27'),
(38, 'RTU301 E1L GA2 B6001 Otomasyonu', 'RTU301-E1L-GA2-B6001', '2025-01-28'),
(39, 'RTU301 E1L GA2 B7001 Otomasyonu', 'RTU301-E1L-GA2-B7001', '2025-01-29'),
(40, 'SC100 E0G GC2 B0000 Otomasyonu', 'SC100-E0G-GC2-B0000', '2025-01-30'),
(41, 'SC100 E0L GC2 B0000 Otomasyonu', 'SC100-E0L-GC2-B0000', '2025-01-31'),
(42, 'SC100 E0N GC2 B0000 Otomasyonu', 'SC100-E0N-GC2-B0000', '2025-02-01'),
(43, 'SC100 E0R GC2 B0000 Otomasyonu', 'SC100-E0R-GC2-B0000', '2025-02-02'),
(44, 'ViewPlus SCADA Otomasyonu', 'viewplus-scada', '2025-02-03'),
(45, 'XIO110 E0N GDA B0000 Otomasyonu', 'XIO110-E0N-GDA-B0000', '2025-02-04'),
(46, 'XIO110 E0N GDA B0800 Otomasyonu', 'XIO110-E0N-GDA-B0800', '2025-02-05'),
(47, 'XIO110 E0N GDA B2000 Otomasyonu', 'XIO110-E0N-GDA-B2000', '2025-02-06'),
(48, 'XIO110 E0N GDA B4000 Otomasyonu', 'XIO110-E0N-GDA-B4000', '2025-02-07'),
(49, 'XIO211 E0N GD01 B2000 Otomasyonu', 'XIO211-E0N-GD01-B2000', '2025-02-08'),
(50, 'XIO211 E0N GD0 B0401 Otomasyonu', 'XIO211-E0N-GD0-B0401', '2025-02-09'),
(51, 'XIO211 E0N GD2 B4000 Otomasyonu', 'XIO211-E0N-GD2-B4000', '2025-02-10'),
(52, 'XIO211 E0N GD3 B0800 Otomasyonu', 'XIO211-E0N-GD3-B0800', '2025-02-11');

INSERT INTO CardType (DeviceCode, DigitalInputs, DigitalOutputs, AnalogInputs)
VALUES
('DM100-E1N-GC0-B1000', 'DI1, DI2, DI3', 'DO1, DO2', 'AI1, AI2'),
('DM100-E1N-GC0-B100C', 'DI1, DI2', 'DO1', 'AI1'),
('DM100-E2N-GC3-B1000', 'DI1, DI2, DI3', 'DO1, DO2', 'AI1'),
('DM100-E2N-GC3-B1008', 'DI1, DI2', 'DO1, DO2', 'AI1, AI2'),
('DM500-E0-CM0-B0000', 'DI1, DI2, DI3', 'DO1, DO2, DO3', 'AI1, AI2'),
('DM500-E0N-CS0-B0000', 'DI1, DI2', 'DO1', 'AI1'),
('DM500-E0-PS0-B0000', 'DI1', 'DO1', 'AI1, AI2'),
('DM500-E0-PS1-B0000', 'DI1, DI2', 'DO1, DO2', 'AI1'),
('DM50-E1L-GE0-B7008', 'DI1, DI2', 'DO1', 'AI1'),
('DM50-E2L-GE0-B6000', 'DI1', 'DO1', 'AI1'),
('DM50-E2L-GE2-B6000', 'DI1, DI2', 'DO1, DO2', 'AI1'),
('DM50-E2L-GE2-B7000', 'DI1', 'DO1', 'AI1, AI2'),
('MBS100-E0G-GC2-B0000', 'DI1, DI2', 'DO1', 'AI1'),
('MBS100-E0G-GC3-B0000', 'DI1, DI2, DI3', 'DO1, DO2', 'AI1'),
('MBS100-E0L-GC2-B0000', 'DI1, DI2', 'DO1', 'AI1'),
('MBS100-E0L-GC3-B0000', 'DI1', 'DO1', 'AI1'),
('MDC100-E0G-GC2-B0002', 'DI1, DI2', 'DO1, DO2', 'AI1'),
('MDC100-E0G-GC2-B0008', 'DI1', 'DO1', 'AI1'),
('MDC100-E0G-GC2-B0016', 'DI1, DI2', 'DO1', 'AI1, AI2'),
('MDC100-E0G-GC2-B0032', 'DI1, DI2', 'DO1', 'AI1'),
('MMS100-E0G-GC1-B0002', 'DI1, DI2', 'DO1', 'AI1'),
('MMS100-E0G-GC1-B0008', 'DI1, DI2, DI3', 'DO1', 'AI1'),
('MMS100-E0G-GC1-B0016', 'DI1', 'DO1, DO2', 'AI1'),
('MMS100-E0G-GC1-B0032', 'DI1, DI2', 'DO1', 'AI1'),
('MP110-E1G-GB0-B6000', 'DI1, DI2', 'DO1', 'AI1'),
('MP110-E1G-GB1-B6000', 'DI1', 'DO1', 'AI1, AI2'),
('MP110-E1N-GB0-B6000', 'DI1, DI2', 'DO1, DO2', 'AI1'),
('MP110-E1N-GB1-B6000', 'DI1', 'DO1', 'AI1'),
('MP211-E1G-GA0-B6001', 'DI1, DI2', 'DO1', 'AI1'),
('MP211-E1G-GA0-B7001', 'DI1, DI2', 'DO1, DO2', 'AI1'),
('MP211-E1G-GA1-B6001', 'DI1, DI2', 'DO1', 'AI1'),
('MP211-E1G-GA1-B7001', 'DI1', 'DO1', 'AI1'),
('RTU101-E1L-GB0-B6000', 'DI1, DI2', 'DO1', 'AI1'),
('RTU101-E1N-GB0-B6000', 'DI1', 'DO1', 'AI1'),
('RTU110-E1N-GB0-B6000', 'DI1', 'DO1', 'AI1'),
('RTU301-E1L-GA1-B6001', 'DI1, DI2', 'DO1, DO2', 'AI1'),
('RTU301-E1L-GA1-B7001', 'DI1', 'DO1', 'AI1'),
('RTU301-E1L-GA2-B6001', 'DI1, DI2', 'DO1', 'AI1'),
('RTU301-E1L-GA2-B7001', 'DI1, DI2', 'DO1', 'AI1'),
('SC100-E0G-GC2-B0000', 'DI1', 'DO1, DO2', 'AI1'),
('SC100-E0L-GC2-B0000', 'DI1', 'DO1', 'AI1'),
('SC100-E0N-GC2-B0000', 'DI1, DI2', 'DO1', 'AI1'),
('SC100-E0R-GC2-B0000', 'DI1', 'DO1, DO2', 'AI1'),
('viewplus-scada', 'DI1, DI2', 'DO1', 'AI1'),
('XIO110-E0N-GDA-B0000', 'DI1', 'DO1', 'AI1'),
('XIO110-E0N-GDA-B0800', 'DI1, DI2', 'DO1', 'AI1'),
('XIO110-E0N-GDA-B2000', 'DI1', 'DO1, DO2', 'AI1'),
('XIO110-E0N-GDA-B4000', 'DI1, DI2', 'DO1', 'AI1'),
('XIO211-E0N-GD01-B2000', 'DI1, DI2', 'DO1', 'AI1'),
('XIO211-E0N-GD0-B0401', 'DI1', 'DO1', 'AI1'),
('XIO211-E0N-GD2-B4000', 'DI1, DI2', 'DO1', 'AI1'),
('XIO211-E0N-GD3-B0800', 'DI1', 'DO1', 'AI1');

INSERT INTO Programming (DeviceCode, ProgrammingLanguage, ProgrammingEditor, USBPortType)
VALUES
('DM100-E1N-GC0-B1000', 'C++', 'STM32CubeIDE', 'USB 2.0'),
('DM100-E1N-GC0-B100C', 'C', 'Keil uVision', 'USB 2.0'),
('DM100-E2N-GC3-B1000', 'C++', 'IAR Embedded Workbench', 'USB 3.0'),
('DM100-E2N-GC3-B1008', 'C', 'Keil uVision', 'USB 2.0'),
('DM500-E0-CM0-B0000', 'Python', 'PyCharm', 'USB 3.0'),
('DM500-E0N-CS0-B0000', 'C++', 'STM32CubeIDE', 'USB 2.0'),
('DM500-E0-PS0-B0000', 'C', 'Keil uVision', 'USB 2.0'),
('DM500-E0-PS1-B0000', 'C++', 'IAR Embedded Workbench', 'USB 2.0'),
('DM50-E1L-GE0-B7008', 'C', 'Keil uVision', 'USB 2.0'),
('DM50-E2L-GE0-B6000', 'Python', 'PyCharm', 'USB 2.0'),
('DM50-E2L-GE2-B6000', 'C++', 'STM32CubeIDE', 'USB 3.0'),
('DM50-E2L-GE2-B7000', 'C', 'Keil uVision', 'USB 3.0'),
('MBS100-E0G-GC2-B0000', 'C', 'Keil uVision', 'USB 2.0'),
('MBS100-E0G-GC3-B0000', 'C++', 'IAR Embedded Workbench', 'USB 3.0'),
('MBS100-E0L-GC2-B0000', 'Python', 'PyCharm', 'USB 2.0'),
('MBS100-E0L-GC3-B0000', 'C', 'Keil uVision', 'USB 3.0'),
('MDC100-E0G-GC2-B0002', 'C++', 'STM32CubeIDE', 'USB 2.0'),
('MDC100-E0G-GC2-B0008', 'C', 'Keil uVision', 'USB 2.0'),
('MDC100-E0G-GC2-B0016', 'C++', 'IAR Embedded Workbench', 'USB 3.0'),
('MDC100-E0G-GC2-B0032', 'Python', 'PyCharm', 'USB 2.0'),
('MMS100-E0G-GC1-B0002', 'C', 'Keil uVision', 'USB 3.0'),
('MMS100-E0G-GC1-B0008', 'C++', 'STM32CubeIDE', 'USB 2.0'),
('MMS100-E0G-GC1-B0016', 'Python', 'PyCharm', 'USB 3.0'),
('MMS100-E0G-GC1-B0032', 'C', 'Keil uVision', 'USB 2.0'),
('MP110-E1G-GB0-B6000', 'C++', 'IAR Embedded Workbench', 'USB 2.0'),
('MP110-E1G-GB1-B6000', 'Python', 'PyCharm', 'USB 3.0'),
('MP110-E1N-GB0-B6000', 'C', 'Keil uVision', 'USB 2.0'),
('MP110-E1N-GB1-B6000', 'C++', 'STM32CubeIDE', 'USB 3.0'),
('MP211-E1G-GA0-B6001', 'Python', 'PyCharm', 'USB 2.0'),
('MP211-E1G-GA0-B7001', 'C++', 'IAR Embedded Workbench', 'USB 2.0'),
('MP211-E1G-GA1-B6001', 'C', 'Keil uVision', 'USB 2.0'),
('MP211-E1G-GA1-B7001', 'Python', 'PyCharm', 'USB 3.0'),
('RTU101-E1L-GB0-B6000', 'C++', 'STM32CubeIDE', 'USB 2.0'),
('RTU101-E1N-GB0-B6000', 'C', 'Keil uVision', 'USB 3.0'),
('RTU110-E1N-GB0-B6000', 'Python', 'PyCharm', 'USB 2.0'),
('RTU301-E1L-GA1-B6001', 'C++', 'IAR Embedded Workbench', 'USB 3.0'),
('RTU301-E1L-GA1-B7001', 'Python', 'PyCharm', 'USB 2.0'),
('RTU301-E1L-GA2-B6001', 'C', 'Keil uVision', 'USB 2.0'),
('RTU301-E1L-GA2-B7001', 'C++', 'STM32CubeIDE', 'USB 3.0'),
('SC100-E0G-GC2-B0000', 'C++', 'STM32CubeIDE', 'USB 2.0'),
('SC100-E0L-GC2-B0000', 'C', 'Keil uVision', 'USB 3.0'),
('SC100-E0N-GC2-B0000', 'Python', 'PyCharm', 'USB 2.0'),
('SC100-E0R-GC2-B0000', 'C', 'Keil uVision', 'USB 2.0'),
('viewplus-scada', 'Python', 'PyCharm', 'USB 3.0'),
('XIO110-E0N-GDA-B0000', 'C++', 'IAR Embedded Workbench', 'USB 2.0'),
('XIO110-E0N-GDA-B0800', 'C', 'Keil uVision', 'USB 2.0'),
('XIO110-E0N-GDA-B2000', 'Python', 'STM32CubeIDE', 'USB 3.0'),
('XIO110-E0N-GDA-B4000', 'C', 'IAR Embedded Workbench', 'USB 2.0'),
('XIO211-E0N-GD01-B2000', 'C++', 'PyCharm', 'USB 2.0'),
('XIO211-E0N-GD0-B0401', 'Python', 'STM32CubeIDE', 'USB 3.0'),
('XIO211-E0N-GD2-B4000', 'C', 'Keil uVision', 'USB 2.0'),
('XIO211-E0N-GD3-B0800', 'C++', 'IAR Embedded Workbench', 'USB 2.0');

INSERT INTO GSMFunctions (DeviceCode, SMSReceptionFiltering, SMSCreationSending, DTMFCallReceptionFiltering, DTMFCallInitiation)
VALUES
('DM100-E1N-GC0-B1000', 'Enabled', 'Supported, with Templates', 'Enabled', 'DTMF Tone Initiation Supported'),
('DM100-E1N-GC0-B100C', 'Disabled', 'Not Supported', 'Enabled', 'DTMF Tone Initiation Supported'),
('DM100-E2N-GC3-B1000', 'Enabled', 'Supported, with Templates', 'Enabled', 'DTMF Tone Initiation Not Supported'),
('DM100-E2N-GC3-B1008', 'Enabled', 'Supported, with Templates', 'Disabled', 'DTMF Tone Initiation Supported'),
('DM500-E0-CM0-B0000', 'Enabled', 'Not Supported', 'Enabled', 'DTMF Tone Initiation Supported'),
('DM500-E0N-CS0-B0000', 'Disabled', 'Supported, Custom Messages', 'Disabled', 'DTMF Tone Initiation Not Supported'),
('DM500-E0-PS0-B0000', 'Enabled', 'Supported, with Templates', 'Enabled', 'DTMF Tone Initiation Not Supported'),
('DM500-E0-PS1-B0000', 'Enabled', 'Not Supported', 'Enabled', 'DTMF Tone Initiation Supported'),
('DM50-E1L-GE0-B7008', 'Enabled', 'Supported, with Templates', 'Enabled', 'DTMF Tone Initiation Supported'),
('DM50-E2L-GE0-B6000', 'Disabled', 'Not Supported', 'Enabled', 'DTMF Tone Initiation Not Supported'),
('DM50-E2L-GE2-B6000', 'Enabled', 'Supported, with Templates', 'Enabled', 'DTMF Tone Initiation Supported'),
('DM50-E2L-GE2-B7000', 'Disabled', 'Not Supported', 'Enabled', 'DTMF Tone Initiation Not Supported'),
('MBS100-E0G-GC2-B0000', 'Enabled', 'Supported, with Templates', 'Enabled', 'DTMF Tone Initiation Supported'),
('MBS100-E0G-GC3-B0000', 'Disabled', 'Not Supported', 'Enabled', 'DTMF Tone Initiation Not Supported'),
('MBS100-E0L-GC2-B0000', 'Enabled', 'Supported, with Templates', 'Enabled', 'DTMF Tone Initiation Supported'),
('MBS100-E0L-GC3-B0000', 'Enabled', 'Not Supported', 'Enabled', 'DTMF Tone Initiation Supported'),
('MDC100-E0G-GC2-B0002', 'Disabled', 'Not Supported', 'Enabled', 'DTMF Tone Initiation Not Supported'),
('MDC100-E0G-GC2-B0008', 'Enabled', 'Supported, with Templates', 'Enabled', 'DTMF Tone Initiation Supported'),
('MDC100-E0G-GC2-B0016', 'Enabled', 'Supported, with Templates', 'Enabled', 'DTMF Tone Initiation Not Supported'),
('MDC100-E0G-GC2-B0032', 'Enabled', 'Supported, with Templates', 'Disabled', 'DTMF Tone Initiation Supported'),
('MMS100-E0G-GC1-B0002', 'Enabled', 'Not Supported', 'Enabled', 'DTMF Tone Initiation Supported'),
('MMS100-E0G-GC1-B0008', 'Enabled', 'Supported, with Templates', 'Enabled', 'DTMF Tone Initiation Not Supported'),
('MMS100-E0G-GC1-B0016', 'Disabled', 'Not Supported', 'Enabled', 'DTMF Tone Initiation Supported'),
('MMS100-E0G-GC1-B0032', 'Enabled', 'Not Supported', 'Enabled', 'DTMF Tone Initiation Not Supported'),
('MP110-E1G-GB0-B6000', 'Enabled', 'Supported, Custom Messages', 'Enabled', 'DTMF Tone Initiation Supported'),
('MP110-E1G-GB1-B6000', 'Disabled', 'Not Supported', 'Enabled', 'DTMF Tone Initiation Not Supported'),
('MP110-E1N-GB0-B6000', 'Enabled', 'Not Supported', 'Enabled', 'DTMF Tone Initiation Supported'),
('MP110-E1N-GB1-B6000', 'Disabled', 'Supported, Custom Messages', 'Enabled', 'DTMF Tone Initiation Not Supported'),
('MP211-E1G-GA0-B6001', 'Enabled', 'Supported, with Templates', 'Enabled', 'DTMF Tone Initiation Supported'),
('MP211-E1G-GA0-B7001', 'Disabled', 'Not Supported', 'Enabled', 'DTMF Tone Initiation Not Supported'),
('MP211-E1G-GA1-B6001', 'Enabled', 'Not Supported', 'Enabled', 'DTMF Tone Initiation Supported'),
('MP211-E1G-GA1-B7001', 'Enabled', 'Not Supported', 'Enabled', 'DTMF Tone Initiation Not Supported'),
('RTU101-E1L-GB0-B6000', 'Enabled', 'Not Supported', 'Enabled', 'DTMF Tone Initiation Supported'),
('RTU101-E1N-GB0-B6000', 'Enabled', 'Supported, Custom Messages', 'Enabled', 'DTMF Tone Initiation Not Supported'),
('RTU110-E1N-GB0-B6000', 'Disabled', 'Not Supported', 'Enabled', 'DTMF Tone Initiation Supported'),
('RTU301-E1L-GA1-B6001', 'Enabled', 'Supported, with Templates', 'Enabled', 'DTMF Tone Initiation Supported'),
('RTU301-E1L-GA1-B7001', 'Disabled', 'Supported, Custom Messages', 'Enabled', 'DTMF Tone Initiation Supported'),
('RTU301-E1L-GA2-B6001', 'Enabled', 'Not Supported', 'Enabled', 'DTMF Tone Initiation Supported'),
('RTU301-E1L-GA2-B7001', 'Enabled', 'Supported, with Templates', 'Enabled', 'DTMF Tone Initiation Not Supported'),
('SC100-E0G-GC2-B0000', 'Enabled', 'Not Supported', 'Enabled', 'DTMF Tone Initiation Supported'),
('SC100-E0L-GC2-B0000', 'Disabled', 'Not Supported', 'Enabled', 'DTMF Tone Initiation Supported'),
('SC100-E0N-GC2-B0000', 'Enabled', 'Supported, Custom Messages', 'Enabled', 'DTMF Tone Initiation Not Supported'),
('SC100-E0R-GC2-B0000', 'Enabled', 'Not Supported', 'Enabled', 'DTMF Tone Initiation Supported'),
('viewplus-scada', 'Enabled', 'Not Supported', 'Enabled', 'DTMF Tone Initiation Supported'),
('XIO110-E0N-GDA-B0000', 'Enabled', 'Supported, Custom Messages', 'Enabled', 'DTMF Tone Initiation Not Supported'),
('XIO110-E0N-GDA-B0800', 'Enabled', 'Supported, with Templates', 'Enabled', 'DTMF Tone Initiation Supported'),
('XIO110-E0N-GDA-B2000', 'Disabled', 'Not Supported', 'Enabled', 'DTMF Tone Initiation Not Supported'),
('XIO110-E0N-GDA-B4000', 'Enabled', 'Not Supported', 'Enabled', 'DTMF Tone Initiation Supported'),
('XIO211-E0N-GD01-B2000', 'Enabled', 'Supported, with Templates', 'Enabled', 'DTMF Tone Initiation Not Supported'),
('XIO211-E0N-GD0-B0401', 'Enabled', 'Supported, Custom Messages', 'Enabled', 'DTMF Tone Initiation Supported'),
('XIO211-E0N-GD2-B4000', 'Disabled', 'Not Supported', 'Enabled', 'DTMF Tone Initiation Not Supported'),
('XIO211-E0N-GD3-B0800', 'Enabled', 'Not Supported', 'Enabled', 'DTMF Tone Initiation Supported');


INSERT INTO MotionControlFunctions (DeviceCode, HighSpeedCounterInput, PulseWidthModulationOutput_PWM, PulseTrainOutput_PTO)
VALUES
('DM100-E1N-GC0-B1000', 'Enabled', 'Supported', 'Not Supported'),
('DM100-E1N-GC0-B100C', 'Disabled', 'Supported', 'Not Supported'),
('DM100-E2N-GC3-B1000', 'Enabled', 'Supported', 'Enabled'),
('DM100-E2N-GC3-B1008', 'Disabled', 'Not Supported', 'Enabled'),
('DM500-E0-CM0-B0000', 'Enabled', 'Not Supported', 'Enabled'),
('DM500-E0N-CS0-B0000', 'Enabled', 'Supported', 'Not Supported'),
('DM500-E0-PS0-B0000', 'Disabled', 'Supported', 'Not Supported'),
('DM500-E0-PS1-B0000', 'Enabled', 'Supported', 'Enabled'),
('DM50-E1L-GE0-B7008', 'Enabled', 'Not Supported', 'Enabled'),
('DM50-E2L-GE0-B6000', 'Disabled', 'Not Supported', 'Not Supported'),
('DM50-E2L-GE2-B6000', 'Enabled', 'Supported', 'Enabled'),
('DM50-E2L-GE2-B7000', 'Disabled', 'Supported', 'Not Supported'),
('MBS100-E0G-GC2-B0000', 'Enabled', 'Not Supported', 'Enabled'),
('MBS100-E0G-GC3-B0000', 'Disabled', 'Supported', 'Not Supported'),
('MBS100-E0L-GC2-B0000', 'Enabled', 'Not Supported', 'Enabled'),
('MBS100-E0L-GC3-B0000', 'Enabled', 'Supported', 'Not Supported'),
('MDC100-E0G-GC2-B0002', 'Disabled', 'Not Supported', 'Enabled'),
('MDC100-E0G-GC2-B0008', 'Enabled', 'Supported', 'Not Supported'),
('MDC100-E0G-GC2-B0016', 'Enabled', 'Supported', 'Enabled'),
('MDC100-E0G-GC2-B0032', 'Enabled', 'Not Supported', 'Enabled'),
('MMS100-E0G-GC1-B0002', 'Enabled', 'Supported', 'Not Supported'),
('MMS100-E0G-GC1-B0008', 'Disabled', 'Not Supported', 'Enabled'),
('MMS100-E0G-GC1-B0016', 'Enabled', 'Supported', 'Not Supported'),
('MMS100-E0G-GC1-B0032', 'Enabled', 'Not Supported', 'Not Supported'),
('MP110-E1G-GB0-B6000', 'Enabled', 'Supported', 'Not Supported'),
('MP110-E1G-GB1-B6000', 'Disabled', 'Not Supported', 'Enabled'),
('MP110-E1N-GB0-B6000', 'Enabled', 'Supported', 'Not Supported'),
('MP110-E1N-GB1-B6000', 'Enabled', 'Not Supported', 'Not Supported'),
('MP211-E1G-GA0-B6001', 'Enabled', 'Supported', 'Enabled'),
('MP211-E1G-GA0-B7001', 'Disabled', 'Supported', 'Not Supported'),
('MP211-E1G-GA1-B6001', 'Enabled', 'Not Supported', 'Enabled'),
('MP211-E1G-GA1-B7001', 'Disabled', 'Not Supported', 'Not Supported'),
('RTU101-E1L-GB0-B6000', 'Enabled', 'Not Supported', 'Not Supported'),
('RTU101-E1N-GB0-B6000', 'Enabled', 'Supported', 'Not Supported'),
('RTU110-E1N-GB0-B6000', 'Disabled', 'Supported', 'Enabled'),
('RTU301-E1L-GA1-B6001', 'Enabled', 'Supported', 'Not Supported'),
('RTU301-E1L-GA1-B7001', 'Disabled', 'Not Supported', 'Enabled'),
('RTU301-E1L-GA2-B6001', 'Enabled', 'Supported', 'Not Supported'),
('RTU301-E1L-GA2-B7001', 'Disabled', 'Not Supported', 'Not Supported'),
('SC100-E0G-GC2-B0000', 'Enabled', 'Not Supported', 'Enabled'),
('SC100-E0L-GC2-B0000', 'Disabled', 'Not Supported', 'Not Supported'),
('SC100-E0N-GC2-B0000', 'Enabled', 'Not Supported', 'Not Supported'),
('SC100-E0R-GC2-B0000', 'Enabled', 'Supported', 'Not Supported'),
('viewplus-scada', 'Not Supported', 'Not Supported', 'Not Supported'),
('XIO110-E0N-GDA-B0000', 'Enabled', 'Supported', 'Not Supported'),
('XIO110-E0N-GDA-B0800', 'Enabled', 'Supported', 'Enabled'),
('XIO110-E0N-GDA-B2000', 'Not Supported', 'Not Supported', 'Enabled'),
('XIO110-E0N-GDA-B4000', 'Enabled', 'Not Supported', 'Not Supported'),
('XIO211-E0N-GD01-B2000', 'Enabled', 'Not Supported', 'Not Supported'),
('XIO211-E0N-GD0-B0401', 'Not Supported', 'Not Supported', 'Enabled'),
('XIO211-E0N-GD2-B4000', 'Enabled', 'Not Supported', 'Not Supported'),
('XIO211-E0N-GD3-B0800', 'Enabled', 'Supported', 'Not Supported');


INSERT INTO DeviceFeatures (DeviceCode, IEC_61131_3_StandardInstructions, RealTimeControl, WebServerRealTimeData, OfflineSimulation, USBProgramming, TCP_IP_ProgramUpload, EncryptedSoftwareProtection, IPFiltering, IoT_Feature, MODBUS_Gateway, AxialControlBlockLibrary, PID_ON_OFFBlockLibrary, MathematicalFloatBlockLibrary, AstronomicalTimeBlockLibrary, CustomMacroBlockLibrary)
VALUES
('DM100-E1N-GC0-B1000', 'Yes', 'Yes', 'Yes', 'No', 'Yes', 'Yes', 'No', 'Yes', 'Yes', 'No', 'Yes', 'Yes', 'No', 'Yes', 'Yes'),
('DM100-E1N-GC0-B100C', 'Yes', 'No', 'Yes', 'No', 'Yes', 'Yes', 'No', 'Yes', 'No', 'Yes', 'No', 'Yes', 'Yes', 'No', 'no'),
('DM100-E2N-GC3-B1000', 'Yes', 'Yes', 'Yes', 'Yes', 'Yes', 'Yes', 'Yes', 'No', 'Yes', 'Yes', 'Yes', 'Yes', 'Yes', 'Yes', 'no'),
('DM100-E2N-GC3-B1008', 'No', 'Yes', 'Yes', 'Yes', 'No', 'Yes', 'No', 'Yes', 'No', 'No', 'No', 'Yes', 'No', 'Yes', 'no'),
('DM500-E0-CM0-B0000', 'Yes', 'Yes', 'No', 'No', 'Yes', 'Yes', 'No', 'Yes', 'No', 'No', 'Yes', 'Yes', 'Yes', 'No', 'no'),
('DM500-E0N-CS0-B0000', 'No', 'Yes', 'Yes', 'No', 'Yes', 'Yes', 'Yes', 'No', 'Yes', 'Yes', 'Yes', 'No', 'Yes', 'No', 'no'),
('DM500-E0-PS0-B0000', 'Yes', 'No', 'Yes', 'No', 'No', 'Yes', 'No', 'Yes', 'Yes', 'No', 'Yes', 'Yes', 'No', 'Yes', 'no'),
('DM500-E0-PS1-B0000', 'Yes', 'Yes', 'Yes', 'Yes', 'Yes', 'No', 'Yes', 'Yes', 'No', 'Yes', 'No', 'Yes', 'Yes', 'No', 'no'),
('DM50-E1L-GE0-B7008', 'Yes', 'No', 'Yes', 'Yes', 'Yes', 'No', 'No', 'No', 'Yes', 'No', 'Yes', 'Yes', 'No', 'No', 'no'),
('DM50-E2L-GE0-B6000', 'No', 'Yes', 'Yes', 'No', 'Yes', 'No', 'No', 'Yes', 'No', 'Yes', 'Yes', 'No', 'Yes', 'No', 'no'),
('DM50-E2L-GE2-B6000', 'Yes', 'Yes', 'Yes', 'Yes', 'Yes', 'Yes', 'Yes', 'No', 'Yes', 'No', 'No', 'Yes', 'Yes', 'Yes', 'no'),
('DM50-E2L-GE2-B7000', 'No', 'No', 'Yes', 'Yes', 'Yes', 'Yes', 'No', 'Yes', 'No', 'Yes', 'Yes', 'Yes', 'Yes', 'Yes', 'no'),
('MBS100-E0G-GC2-B0000', 'Yes', 'Yes', 'Yes', 'No', 'No', 'Yes', 'No', 'Yes', 'Yes', 'Yes', 'Yes', 'Yes', 'Yes', 'Yes', 'no'),
('MBS100-E0G-GC3-B0000', 'Yes', 'No', 'Yes', 'No', 'Yes', 'No', 'No', 'Yes', 'No', 'Yes', 'Yes', 'Yes', 'Yes', 'No', 'no'),
('MBS100-E0L-GC2-B0000', 'No', 'Yes', 'Yes', 'No', 'Yes', 'Yes', 'Yes', 'Yes', 'Yes', 'No', 'Yes', 'No', 'Yes', 'Yes', 'no'),
('MBS100-E0L-GC3-B0000', 'Yes', 'Yes', 'No', 'Yes', 'Yes', 'Yes', 'Yes', 'Yes', 'Yes', 'No', 'Yes', 'Yes', 'No', 'Yes', 'no'),
('MDC100-E0G-GC2-B0002', 'Yes', 'Yes', 'Yes', 'Yes', 'Yes', 'No', 'Yes', 'Yes', 'No', 'Yes', 'No', 'Yes', 'Yes', 'No', 'no'),
('MDC100-E0G-GC2-B0008', 'No', 'Yes', 'Yes', 'No', 'Yes', 'Yes', 'No', 'Yes', 'Yes', 'No', 'Yes', 'No', 'No', 'Yes', 'no'),
('MDC100-E0G-GC2-B0016', 'Yes', 'No', 'Yes', 'Yes', 'Yes', 'Yes', 'Yes', 'No', 'No', 'Yes', 'Yes', 'No', 'Yes', 'Yes', 'no'),
('MDC100-E0G-GC2-B0032', 'Yes', 'Yes', 'No', 'Yes', 'Yes', 'Yes', 'Yes', 'No', 'Yes', 'Yes', 'Yes', 'Yes', 'No', 'Yes', 'no'),
('MMS100-E0G-GC1-B0002', 'No', 'Yes', 'Yes', 'Yes', 'Yes', 'No', 'No', 'No', 'Yes', 'Yes', 'Yes', 'No', 'Yes', 'Yes', 'no'),
('MMS100-E0G-GC1-B0008', 'Yes', 'No', 'Yes', 'No', 'Yes', 'Yes', 'No', 'Yes', 'No', 'Yes', 'Yes', 'Yes', 'No', 'Yes', 'no'),
('MMS100-E0G-GC1-B0016', 'Yes', 'Yes', 'Yes', 'Yes', 'Yes', 'Yes', 'Yes', 'No', 'Yes', 'Yes', 'Yes', 'No', 'Yes', 'No', 'no'),
('MMS100-E0G-GC1-B0032', 'Yes', 'Yes', 'No', 'Yes', 'Yes', 'No', 'No', 'Yes', 'Yes', 'No', 'Yes', 'Yes', 'Yes', 'Yes', 'no'),
('MP110-E1G-GB0-B6000', 'Yes', 'Yes', 'Yes', 'Yes', 'Yes', 'Yes', 'Yes', 'No', 'No', 'Yes', 'Yes', 'Yes', 'Yes', 'No', 'no'),
('MP110-E1G-GB1-B6000', 'Yes', 'Yes', 'No', 'No', 'Yes', 'Yes', 'Yes', 'No', 'Yes', 'Yes', 'Yes', 'Yes', 'No', 'Yes', 'no'),
('MP110-E1N-GB0-B6000', 'No', 'Yes', 'Yes', 'Yes', 'Yes', 'Yes', 'Yes', 'No', 'No', 'Yes', 'Yes', 'No', 'No', 'Yes', 'no'),
('MP110-E1N-GB1-B6000', 'Yes', 'No', 'Yes', 'No', 'Yes', 'Yes', 'No', 'Yes', 'No', 'Yes', 'Yes', 'Yes', 'Yes', 'Yes', 'no'),
('MP211-E1G-GA0-B6001', 'Yes', 'Yes', 'Yes', 'Yes', 'Yes', 'Yes', 'Yes', 'No', 'Yes', 'Yes', 'No', 'Yes', 'Yes', 'Yes', 'no'),
('MP211-E1G-GA0-B7001', 'Yes', 'Yes', 'No', 'Yes', 'Yes', 'Yes', 'Yes', 'No', 'Yes', 'Yes', 'No', 'Yes', 'Yes', 'No', 'no'),
('MP211-E1G-GA1-B6001', 'No', 'Yes', 'Yes', 'No', 'Yes', 'Yes', 'Yes', 'Yes', 'Yes', 'Yes', 'No', 'No', 'Yes', 'Yes', 'no'),
('MP211-E1G-GA1-B7001', 'Yes', 'No', 'Yes', 'Yes', 'Yes', 'No', 'Yes', 'Yes', 'No', 'Yes', 'Yes', 'Yes', 'No', 'No', 'no'),
('RTU101-E1L-GB0-B6000', 'No', 'Yes', 'No', 'Yes', 'Yes', 'Yes', 'Yes', 'No', 'Yes', 'Yes', 'Yes', 'No', 'Yes', 'Yes', 'no'),
('RTU101-E1N-GB0-B6000', 'Yes', 'Yes', 'Yes', 'Yes', 'Yes', 'No', 'Yes', 'No', 'Yes', 'Yes', 'No', 'Yes', 'No', 'Yes', 'no'),
('RTU110-E1N-GB0-B6000', 'Yes', 'Yes', 'No', 'Yes', 'Yes', 'Yes', 'No', 'Yes', 'Yes', 'Yes', 'Yes', 'Yes', 'Yes', 'No', 'no'),
('RTU301-E1L-GA1-B6001', 'No', 'Yes', 'Yes', 'No', 'Yes', 'No', 'Yes', 'Yes', 'Yes', 'Yes', 'Yes', 'No', 'No', 'Yes', 'no'),
('RTU301-E1L-GA1-B7001', 'Yes', 'Yes', 'No', 'Yes', 'Yes', 'Yes', 'Yes', 'No', 'Yes', 'Yes', 'No', 'Yes', 'Yes', 'No', 'no'),
('RTU301-E1L-GA2-B6001', 'No', 'Yes', 'Yes', 'Yes', 'No', 'Yes', 'No', 'Yes', 'Yes', 'No', 'No', 'Yes', 'No', 'Yes', 'no'),
('RTU301-E1L-GA2-B7001', 'Yes', 'Yes', 'Yes', 'No', 'Yes', 'Yes', 'Yes', 'No', 'Yes', 'Yes', 'Yes', 'Yes', 'Yes', 'No', 'no'),
('SC100-E0G-GC2-B0000', 'Yes', 'Yes', 'Yes', 'Yes', 'Yes', 'No', 'Yes', 'Yes', 'No', 'No', 'Yes', 'Yes', 'No', 'Yes', 'no'),
('SC100-E0L-GC2-B0000', 'Yes', 'Yes', 'No', 'Yes', 'No', 'No', 'Yes', 'Yes', 'Yes', 'Yes', 'Yes', 'No', 'Yes', 'Yes', 'no'),
('SC100-E0N-GC2-B0000', 'Yes', 'Yes', 'No', 'Yes', 'Yes', 'Yes', 'Yes', 'Yes', 'No', 'Yes', 'Yes', 'No', 'No', 'Yes', 'no'),
('SC100-E0R-GC2-B0000', 'Yes', 'Yes', 'Yes', 'No', 'Yes', 'Yes', 'No', 'Yes', 'No', 'Yes', 'Yes', 'No', 'Yes', 'Yes', 'no'),
('viewplus-scada', 'No', 'No', 'No', 'No', 'No', 'No', 'No', 'No', 'No', 'No', 'No', 'No', 'No', 'No', 'no'),
('XIO110-E0N-GDA-B0000', 'Yes', 'Yes', 'Yes', 'Yes', 'Yes', 'No', 'No', 'Yes', 'Yes', 'Yes', 'No', 'Yes', 'No', 'Yes', 'no'),
('XIO110-E0N-GDA-B0800', 'Yes', 'No', 'Yes', 'Yes', 'Yes', 'No', 'Yes', 'Yes', 'No', 'No', 'Yes', 'No', 'Yes', 'No', 'no'),
('XIO110-E0N-GDA-B2000', 'No', 'Yes', 'No', 'Yes', 'No', 'Yes', 'No', 'No', 'Yes', 'No', 'Yes', 'No', 'Yes', 'Yes', 'no'),
('XIO110-E0N-GDA-B4000', 'Yes', 'No', 'Yes', 'Yes', 'Yes', 'Yes', 'No', 'No', 'No', 'Yes', 'Yes', 'No', 'Yes', 'Yes', 'no'),
('XIO211-E0N-GD01-B2000', 'Yes', 'Yes', 'No', 'No', 'Yes', 'Yes', 'No', 'Yes', 'No', 'Yes', 'No', 'Yes', 'Yes', 'Yes', 'no'),
('XIO211-E0N-GD0-B0401', 'Yes', 'Yes', 'No', 'Yes', 'Yes', 'No', 'No', 'Yes', 'Yes', 'No', 'Yes', 'No', 'Yes', 'No', 'no'),
('XIO211-E0N-GD2-B4000', 'Yes', 'Yes', 'No', 'No', 'Yes', 'Yes', 'Yes', 'Yes', 'Yes', 'Yes', 'Yes', 'Yes', 'No', 'Yes', 'no'),
('XIO211-E0N-GD3-B0800', 'No', 'Yes', 'Yes', 'Yes', 'Yes', 'No', 'No', 'No', 'No', 'Yes', 'No', 'Yes', 'Yes', 'Yes', 'no');


INSERT INTO Warranty_Certification (DeviceCode, WarrantyPeriod, Certification)
VALUES
('DM100-E1N-GC0-B1000', '5 years', 'ISO 9001:2015, CE'),
('DM100-E1N-GC0-B100C', '3 years', 'CE, UL Listed'),
('DM100-E2N-GC3-B1000', '5 years', 'CE, UL Listed'),
('DM100-E2N-GC3-B1008', '2 years', 'CE, UL Listed'),
('DM500-E0-CM0-B0000', '4 years', 'ISO 9001:2015, UL Listed'),
('DM500-E0N-CS0-B0000', '3 years', 'CE'),
('DM500-E0-PS0-B0000', '1 year', 'CE, UL Listed'),
('DM500-E0-PS1-B0000', '5 years', 'ISO 9001:2015, CE, UL Listed'),
('DM50-E1L-GE0-B7008', '2 years', 'ISO 9001:2015'),
('DM50-E2L-GE0-B6000', '3 years', 'CE'),
('DM50-E2L-GE2-B6000', '5 years', 'ISO 9001:2015, CE'),
('DM50-E2L-GE2-B7000', '2 years', 'ISO 9001:2015'),
('MBS100-E0G-GC2-B0000', '5 years', 'CE, UL Listed'),
('MBS100-E0G-GC3-B0000', '3 years', 'ISO 9001:2015'),
('MBS100-E0L-GC2-B0000', '1 year', 'CE'),
('MBS100-E0L-GC3-B0000', '4 years', 'ISO 9001:2015, UL Listed'),
('MDC100-E0G-GC2-B0002', '5 years', 'ISO 9001:2015, CE'),
('MDC100-E0G-GC2-B0008', '3 years', 'CE'),
('MDC100-E0G-GC2-B0016', '2 years', 'CE'),
('MDC100-E0G-GC2-B0032', '5 years', 'ISO 9001:2015'),
('MMS100-E0G-GC1-B0002', '3 years', 'CE'),
('MMS100-E0G-GC1-B0008', '2 years', 'ISO 9001:2015'),
('MMS100-E0G-GC1-B0016', '4 years', 'CE'),
('MMS100-E0G-GC1-B0032', '5 years', 'ISO 9001:2015, UL Listed'),
('MP110-E1G-GB0-B6000', '5 years', 'CE, UL Listed'),
('MP110-E1G-GB1-B6000', '3 years', 'ISO 9001:2015, CE'),
('MP110-E1N-GB0-B6000', '2 years', 'CE'),
('MP110-E1N-GB1-B6000', '1 year', 'ISO 9001:2015'),
('MP211-E1G-GA0-B6001', '5 years', 'CE, UL Listed'),
('MP211-E1G-GA0-B7001', '4 years', 'ISO 9001:2015'),
('MP211-E1G-GA1-B6001', '3 years', 'CE'),
('MP211-E1G-GA1-B7001', '5 years', 'ISO 9001:2015'),
('RTU101-E1L-GB0-B6000', '1 year', 'CE'),
('RTU101-E1N-GB0-B6000', '2 years', 'ISO 9001:2015, CE'),
('RTU110-E1N-GB0-B6000', '3 years', 'CE, UL Listed'),
('RTU301-E1L-GA1-B6001', '5 years', 'ISO 9001:2015'),
('RTU301-E1L-GA1-B7001', '4 years', 'CE'),
('RTU301-E1L-GA2-B6001', '2 years', 'ISO 9001:2015'),
('RTU301-E1L-GA2-B7001', '5 years', 'CE, UL Listed'),
('SC100-E0G-GC2-B0000', '3 years', 'ISO 9001:2015, CE'),
('SC100-E0L-GC2-B0000', '1 year', 'CE'),
('SC100-E0N-GC2-B0000', '4 years', 'ISO 9001:2015, UL Listed'),
('SC100-E0R-GC2-B0000', '5 years', 'ISO 9001:2015'),
('viewplus-scada', 'No Warranty', 'No Certification'),
('XIO110-E0N-GDA-B0000', '3 years', 'CE, UL Listed'),
('XIO110-E0N-GDA-B0800', '2 years', 'ISO 9001:2015'),
('XIO110-E0N-GDA-B2000', '1 year', 'CE'),
('XIO110-E0N-GDA-B4000', '5 years', 'ISO 9001:2015'),
('XIO211-E0N-GD01-B2000', '4 years', 'ISO 9001:2015'),
('XIO211-E0N-GD0-B0401', '3 years', 'CE'),
('XIO211-E0N-GD2-B4000', '5 years', 'ISO 9001:2015, CE'),
('XIO211-E0N-GD3-B0800', '2 years', 'CE');


INSERT INTO CommunicationProtocols (DeviceCode, MasterCommunicationProtocols, SlaveCommunicationProtocols, IoTProtocol)
VALUES
('DM100-E1N-GC0-B1000', 'Modbus RTU, Modbus TCP', 'Modbus RTU, Modbus TCP', 'MQTT'),
('DM100-E1N-GC0-B100C', 'Modbus RTU, Modbus TCP', 'Modbus RTU, Modbus TCP', 'MQTT'),
('DM100-E2N-GC3-B1000', 'Modbus RTU, Modbus TCP', 'Modbus RTU, Modbus TCP', 'MQTT'),
('DM100-E2N-GC3-B1008', 'Modbus RTU, Modbus TCP', 'Modbus RTU, Modbus TCP', 'MQTT'),
('DM500-E0-CM0-B0000', 'Modbus TCP, CANopen', 'Modbus TCP, CANopen', 'MQTT'),
('DM500-E0N-CS0-B0000', 'Modbus RTU, Modbus TCP', 'Modbus RTU, Modbus TCP', 'MQTT'),
('DM500-E0-PS0-B0000', 'Modbus RTU, Modbus TCP', 'Modbus RTU, Modbus TCP', 'MQTT'),
('DM500-E0-PS1-B0000', 'Modbus RTU, Modbus TCP', 'Modbus RTU, Modbus TCP', 'MQTT'),
('DM50-E1L-GE0-B7008', 'Modbus RTU, Profibus', 'Modbus RTU, Profibus', 'MQTT'),
('DM50-E2L-GE0-B6000', 'Modbus RTU, Profibus', 'Modbus RTU, Profibus', 'MQTT'),
('DM50-E2L-GE2-B6000', 'Modbus RTU, Profibus', 'Modbus RTU, Profibus', 'MQTT'),
('DM50-E2L-GE2-B7000', 'Modbus RTU, Profibus', 'Modbus RTU, Profibus', 'MQTT'),
('MBS100-E0G-GC2-B0000', 'Modbus TCP, CANopen', 'Modbus TCP, CANopen', 'MQTT'),
('MBS100-E0G-GC3-B0000', 'Modbus TCP, CANopen', 'Modbus TCP, CANopen', 'MQTT'),
('MBS100-E0L-GC2-B0000', 'Modbus RTU, Profibus', 'Modbus RTU, Profibus', 'MQTT'),
('MBS100-E0L-GC3-B0000', 'Modbus RTU, Profibus', 'Modbus RTU, Profibus', 'MQTT'),
('MDC100-E0G-GC2-B0002', 'Modbus TCP', 'Modbus RTU', 'MQTT'),
('MDC100-E0G-GC2-B0008', 'Modbus TCP', 'Modbus RTU', 'MQTT'),
('MDC100-E0G-GC2-B0016', 'Modbus TCP', 'Modbus RTU', 'MQTT'),
('MDC100-E0G-GC2-B0032', 'Modbus TCP', 'Modbus RTU', 'MQTT'),
('MMS100-E0G-GC1-B0002', 'Modbus RTU, Profibus', 'Modbus RTU, Profibus', 'MQTT'),
('MMS100-E0G-GC1-B0008', 'Modbus RTU, Profibus', 'Modbus RTU, Profibus', 'MQTT'),
('MMS100-E0G-GC1-B0016', 'Modbus RTU, Profibus', 'Modbus RTU, Profibus', 'MQTT'),
('MMS100-E0G-GC1-B0032', 'Modbus RTU, Profibus', 'Modbus RTU, Profibus', 'MQTT'),
('MP110-E1G-GB0-B6000', 'Modbus RTU', 'Modbus RTU', 'MQTT'),
('MP110-E1G-GB1-B6000', 'Modbus RTU', 'Modbus RTU', 'MQTT'),
('MP110-E1N-GB0-B6000', 'Modbus RTU', 'Modbus RTU', 'MQTT'),
('MP110-E1N-GB1-B6000', 'Modbus RTU', 'Modbus RTU', 'MQTT'),
('MP211-E1G-GA0-B6001', 'Modbus RTU, Modbus TCP', 'Modbus RTU, Modbus TCP', 'MQTT'),
('MP211-E1G-GA0-B7001', 'Modbus RTU, Modbus TCP', 'Modbus RTU, Modbus TCP', 'MQTT'),
('MP211-E1G-GA1-B6001', 'Modbus RTU, Modbus TCP', 'Modbus RTU, Modbus TCP', 'MQTT'),
('MP211-E1G-GA1-B7001', 'Modbus RTU, Modbus TCP', 'Modbus RTU, Modbus TCP', 'MQTT'),
('RTU101-E1L-GB0-B6000', 'Modbus RTU', 'Modbus RTU', 'MQTT'),
('RTU101-E1N-GB0-B6000', 'Modbus RTU', 'Modbus RTU', 'MQTT'),
('RTU110-E1N-GB0-B6000', 'Modbus RTU', 'Modbus RTU', 'MQTT'),
('RTU301-E1L-GA1-B6001', 'Modbus RTU', 'Modbus RTU', 'MQTT'),
('RTU301-E1L-GA1-B7001', 'Modbus RTU', 'Modbus RTU', 'MQTT'),
('RTU301-E1L-GA2-B6001', 'Modbus RTU', 'Modbus RTU', 'MQTT'),
('RTU301-E1L-GA2-B7001', 'Modbus RTU', 'Modbus RTU', 'MQTT'),
('SC100-E0G-GC2-B0000', 'Modbus RTU, Modbus TCP', 'Modbus RTU, Modbus TCP', 'MQTT'),
('SC100-E0L-GC2-B0000', 'Modbus RTU, Modbus TCP', 'Modbus RTU, Modbus TCP', 'MQTT'),
('SC100-E0N-GC2-B0000', 'Modbus RTU, Modbus TCP', 'Modbus RTU, Modbus TCP', 'MQTT'),
('SC100-E0R-GC2-B0000', 'Modbus RTU, Modbus TCP', 'Modbus RTU, Modbus TCP', 'MQTT'),
('viewplus-scada', 'Modbus TCP', 'Modbus TCP', 'MQTT'),
('XIO110-E0N-GDA-B0000', 'Modbus TCP', 'Modbus TCP', 'MQTT'),
('XIO110-E0N-GDA-B0800', 'Modbus TCP', 'Modbus TCP', 'MQTT'),
('XIO110-E0N-GDA-B2000', 'Modbus TCP', 'Modbus TCP', 'MQTT'),
('XIO110-E0N-GDA-B4000', 'Modbus TCP', 'Modbus TCP', 'MQTT'),
('XIO211-E0N-GD01-B2000', 'Modbus RTU', 'Modbus RTU', 'MQTT'),
('XIO211-E0N-GD0-B0401', 'Modbus RTU', 'Modbus RTU', 'MQTT'),
('XIO211-E0N-GD2-B4000', 'Modbus RTU', 'Modbus RTU', 'MQTT'),
('XIO211-E0N-GD3-B0800', 'Modbus RTU', 'Modbus RTU', 'MQTT');


INSERT INTO LEDSignals (DeviceCode, PowerSupplyLED, OperatingStatusLED, CommunicationTxLED, CommunicationRxLED, DigitalInputLEDs, DigitalOutputLEDs)
VALUES
('DM100-E1N-GC0-B1000', 'Green', 'Green', 'Blinking', 'On', '8 LEDs', '8 LEDs'),
('DM100-E1N-GC0-B100C', 'Green', 'Green', 'Blinking', 'On', '8 LEDs', '8 LEDs'),
('DM100-E2N-GC3-B1000', 'Green', 'Green', 'Blinking', 'On', '8 LEDs', '8 LEDs'),
('DM100-E2N-GC3-B1008', 'Green', 'Green', 'Blinking', 'On', '8 LEDs', '8 LEDs'),
('DM500-E0-CM0-B0000', 'Green', 'Green', 'Blinking', 'On', '16 LEDs', '16 LEDs'),
('DM500-E0N-CS0-B0000', 'Green', 'Green', 'Blinking', 'On', '16 LEDs', '16 LEDs'),
('DM500-E0-PS0-B0000', 'Green', 'Green', 'Blinking', 'On', '16 LEDs', '16 LEDs'),
('DM500-E0-PS1-B0000', 'Green', 'Green', 'Blinking', 'On', '16 LEDs', '16 LEDs'),
('DM50-E1L-GE0-B7008', 'Green', 'Green', 'Blinking', 'On', '12 LEDs', '12 LEDs'),
('DM50-E2L-GE0-B6000', 'Green', 'Green', 'Blinking', 'On', '12 LEDs', '12 LEDs'),
('DM50-E2L-GE2-B6000', 'Green', 'Green', 'Blinking', 'On', '12 LEDs', '12 LEDs'),
('DM50-E2L-GE2-B7000', 'Green', 'Green', 'Blinking', 'On', '12 LEDs', '12 LEDs'),
('MBS100-E0G-GC2-B0000', 'Green', 'Green', 'Blinking', 'On', '16 LEDs', '16 LEDs'),
('MBS100-E0G-GC3-B0000', 'Green', 'Green', 'Blinking', 'On', '16 LEDs', '16 LEDs'),
('MBS100-E0L-GC2-B0000', 'Green', 'Green', 'Blinking', 'On', '16 LEDs', '16 LEDs'),
('MBS100-E0L-GC3-B0000', 'Green', 'Green', 'Blinking', 'On', '16 LEDs', '16 LEDs'),
('MDC100-E0G-GC2-B0002', 'Green', 'Green', 'Blinking', 'On', '8 LEDs', '8 LEDs'),
('MDC100-E0G-GC2-B0008', 'Green', 'Green', 'Blinking', 'On', '8 LEDs', '8 LEDs'),
('MDC100-E0G-GC2-B0016', 'Green', 'Green', 'Blinking', 'On', '8 LEDs', '8 LEDs'),
('MDC100-E0G-GC2-B0032', 'Green', 'Green', 'Blinking', 'On', '8 LEDs', '8 LEDs'),
('MMS100-E0G-GC1-B0002', 'Green', 'Green', 'Blinking', 'On', '8 LEDs', '8 LEDs'),
('MMS100-E0G-GC1-B0008', 'Green', 'Green', 'Blinking', 'On', '8 LEDs', '8 LEDs'),
('MMS100-E0G-GC1-B0016', 'Green', 'Green', 'Blinking', 'On', '8 LEDs', '8 LEDs'),
('MMS100-E0G-GC1-B0032', 'Green', 'Green', 'Blinking', 'On', '8 LEDs', '8 LEDs'),
('MP110-E1G-GB0-B6000', 'Green', 'Green', 'Blinking', 'On', '8 LEDs', '8 LEDs'),
('MP110-E1G-GB1-B6000', 'Green', 'Green', 'Blinking', 'On', '8 LEDs', '8 LEDs'),
('MP110-E1N-GB0-B6000', 'Green', 'Green', 'Blinking', 'On', '8 LEDs', '8 LEDs'),
('MP110-E1N-GB1-B6000', 'Green', 'Green', 'Blinking', 'On', '8 LEDs', '8 LEDs'),
('MP211-E1G-GA0-B6001', 'Green', 'Green', 'Blinking', 'On', '8 LEDs', '8 LEDs'),
('MP211-E1G-GA0-B7001', 'Green', 'Green', 'Blinking', 'On', '8 LEDs', '8 LEDs'),
('MP211-E1G-GA1-B6001', 'Green', 'Green', 'Blinking', 'On', '8 LEDs', '8 LEDs'),
('MP211-E1G-GA1-B7001', 'Green', 'Green', 'Blinking', 'On', '8 LEDs', '8 LEDs'),
('RTU101-E1L-GB0-B6000', 'Green', 'Green', 'Blinking', 'On', '8 LEDs', '8 LEDs'),
('RTU101-E1N-GB0-B6000', 'Green', 'Green', 'Blinking', 'On', '8 LEDs', '8 LEDs'),
('RTU110-E1N-GB0-B6000', 'Green', 'Green', 'Blinking', 'On', '8 LEDs', '8 LEDs'),
('RTU301-E1L-GA1-B6001', 'Green', 'Green', 'Blinking', 'On', '8 LEDs', '8 LEDs'),
('RTU301-E1L-GA1-B7001', 'Green', 'Green', 'Blinking', 'On', '8 LEDs', '8 LEDs'),
('RTU301-E1L-GA2-B6001', 'Green', 'Green', 'Blinking', 'On', '8 LEDs', '8 LEDs'),
('RTU301-E1L-GA2-B7001', 'Green', 'Green', 'Blinking', 'On', '8 LEDs', '8 LEDs'),
('SC100-E0G-GC2-B0000', 'Green', 'Green', 'Blinking', 'On', '8 LEDs', '8 LEDs'),
('SC100-E0L-GC2-B0000', 'Green', 'Green', 'Blinking', 'On', '8 LEDs', '8 LEDs'),
('SC100-E0N-GC2-B0000', 'Green', 'Green', 'Blinking', 'On', '8 LEDs', '8 LEDs'),
('SC100-E0R-GC2-B0000', 'Green', 'Green', 'Blinking', 'On', '8 LEDs', '8 LEDs'),
('viewplus-scada', 'Green', 'Green', 'Blinking', 'On', '8 LEDs', '8 LEDs'),
('XIO110-E0N-GDA-B0000', 'Green', 'Green', 'Blinking', 'On', '8 LEDs', '8 LEDs'),
('XIO110-E0N-GDA-B0800', 'Green', 'Green', 'Blinking', 'On', '8 LEDs', '8 LEDs'),
('XIO110-E0N-GDA-B2000', 'Green', 'Green', 'Blinking', 'On', '8 LEDs', '8 LEDs'),
('XIO110-E0N-GDA-B4000', 'Green', 'Green', 'Blinking', 'On', '8 LEDs', '8 LEDs'),
('XIO211-E0N-GD01-B2000', 'Green', 'Green', 'Blinking', 'On', '8 LEDs', '8 LEDs'),
('XIO211-E0N-GD0-B0401', 'Green', 'Green', 'Blinking', 'On', '8 LEDs', '8 LEDs'),
('XIO211-E0N-GD2-B4000', 'Green', 'Green', 'Blinking', 'On', '8 LEDs', '8 LEDs'),
('XIO211-E0N-GD3-B0800', 'Green', 'Green', 'Blinking', 'On', '8 LEDs', '8 LEDs');
